Employee_Name,EmpID,MarriedID,MaritalStatusID,GenderID,EmpStatusID,RoleID,LevelID,PerfScoreID,Tribe,Squad,RaceDesc,DateofHire,DateofTermination,TermReason,EmploymentStatus,RecruitmentSource,EngagementSurvey,EmpSatisfaction,SpecialProjectsCount,DaysLateLast30,Absences,DOB_clean,age,lama_kerja
A Ridwan,10001,Not married,Single,M,TKP/ Outsource,Product Owner,Senior,Exceed,EWD,Evaluate,Sunda,2011-07-05,,N/A-StillEmployed,Active,LinkedIn,4.6,5,0,0,1,1983-07-10,38.0,10.037644577492877
Ade Setyanto,10002,Not married,Single,M,TKP/ Outsource,Product Owner,Senior,Fully meets,EWD,Pay,Sunda,2015-03-30,2018-06-16,career change,Voluntarily Terminated,Indeed,4.96,3,6,0,17,1975-05-05,46.0,3.214302826204508
Adhitya Bramantya Ranggatyasta,10003,Married,Divorced,F,TKP/ Outsource,Product Owner,Senior,Average,ENT,HunianAja,Jawa,2011-07-05,2014-09-24,hours,Voluntarily Terminated,LinkedIn,3.02,3,0,0,3,1988-09-19,32.0,3.2225165472254735
Adji Wijaya Kusuma,10004,Not married,Single,F,TKP/ Outsource,Business Analyst,Middle,Exceed,ENT,Intermoda,Cina,2008-01-07,,N/A-StillEmployed,Active,Indeed,4.84,5,0,0,15,1988-09-27,32.0,13.528476012900517
Agus Andri Putra,10005,Not married,Single,F,Prohire,Business Analyst,Middle,Average,EDU,Squad Pijar Sekolah,Bali,2011-07-11,2018-09-06,return to school,Voluntarily Terminated,Google Search,5.0,4,0,0,2,1989-09-08,31.0,7.156888916267959
Ahmad Dwi Nugroho,10006,Married,Married,F,TKP/ Outsource,Product Owner,Senior,Exceed,COM,ChatAja,Bali,2012-01-09,,N/A-StillEmployed,Active,LinkedIn,5.0,5,0,0,15,1977-05-22,44.0,9.522918062674526
Ahmad Faiz,10007,Married,Married,F,TKP/ Outsource,Business Analyst,Junior,Average,COM,Vutura,Padang,2014-11-10,,N/A-StillEmployed,Active,LinkedIn,3.04,3,4,0,19,1979-05-24,42.0,6.686446403885997
Ahmad Hari Ramadhan,10008,Married,Divorced,M,TKP/ Outsource,Business Analyst,Junior,Exceed,ENT,Intermoda,Jawa,2013-09-30,,N/A-StillEmployed,Active,Employee Referral,5.0,4,0,0,19,1983-02-18,38.0,7.798036649198662
Ahmad Iswandi,10009,Not married,Single,F,TKP/ Outsource,Business Analyst,Middle,Exceed,EWD,Sales Cycle  ,Sunda,2009-07-06,,N/A-StillEmployed,Active,Diversity Job Fair,4.46,3,0,0,4,1970-02-11,51.0,12.033578789532779
Ahmad Khaerul,10010,Married,Widowed,M,TKP/ Outsource,Product Owner,Middle,Need improvement,EWD,Activate & Install,Cina,2015-01-05,,N/A-StillEmployed,Active,Indeed,5.0,5,6,0,16,1988-01-07,33.0,6.533123612968198
Ahmad Luthfi Mahar,10011,Married,Divorced,F,TKP/ Outsource,Product Owner,Junior,Fully meets,COM,ChatAja,Jawa,2011-01-10,2019-01-12,Another position,Voluntarily Terminated,Diversity Job Fair,4.2,4,0,0,12,1974-01-12,47.0,8.005640088434395
Akhdiyat Restu Fiqih,10012,Married,Divorced,M,TKP/ Outsource,Product Owner,Junior,Fully meets,COM,UMEETME,Bali,2012-04-02,2018-09-19,unhappy,Voluntarily Terminated,Diversity Job Fair,4.2,3,0,0,15,1974-02-21,47.0,6.464198443499867
Alifia Sarah Mardiani,10013,Not married,Single,M,TKP/ Outsource,Business Analyst,Middle,Need improvement,EWD,Core Domain,Bali,2014-11-10,,N/A-StillEmployed,Active,Diversity Job Fair,4.28,4,5,0,9,1988-07-04,33.0,6.686446406738015
Alwi Khairan Akhmad,10014,Not married,Single,M,TKP/ Outsource,Product Owner,Junior,Fully meets,EWD,Evaluate,Sunda,2012-02-20,,N/A-StillEmployed,Active,Google Search,4.6,4,0,0,7,1983-07-20,37.0,9.407925972160017
Amalia Erza Syafitri,10015,Married,Married,M,TKP/ Outsource,UI Designer,Junior,Special treatment,EWD,Pay,Cina,2012-09-24,2019-04-06,Another position,Voluntarily Terminated,On-line Web application,5.0,5,0,0,1,1977-07-15,44.0,6.529908211667591
Amalia Nurul Hidayah,10016,Not married,Single,M,TKP/ Outsource,UX Designer,Junior,Fully meets,EWD,Sales Cycle,Bali,2011-02-21,2019-08-04,attendance,Terminated for Cause,Google Search,5.0,4,0,0,20,1981-10-18,39.0,8.449181023566535
Andi Yayang Friandi,10017,Not married,Single,F,TKP/ Outsource,UI Designer,Senior,Fully meets,HLT,PeduliLindungi,Jawa,2016-07-21,,N/A-StillEmployed,Active,Employee Referral,4.4,3,0,0,16,1966-04-17,55.0,4.991681971267028
Andika Junisar Putri,10018,Married,Divorced,F,Prohire,UX Designer,Junior,Exceed,COM,OCA,Cina,2011-04-04,,N/A-StillEmployed,Active,Google Search,5.0,5,0,0,12,1970-10-27,50.0,10.289532030264013
Andre,10019,Not married,Single,F,Prohire,UI Designer,Junior,Fully meets,EDU,Squad Pijar Sekolah,Padang,2014-07-07,2017-09-12,performance,Terminated for Cause,Google Search,4.5,4,5,0,8,1986-04-04,35.0,3.1841858491276342
Andri Istiawan,10020,Not married,Single,M,Prohire,UI Designer,Junior,Special treatment,EWD,Core Domain,Jawa,2013-07-08,,N/A-StillEmployed,Active,LinkedIn,4.2,4,0,0,13,1979-04-06,42.0,8.028020843561
Andry Purnawati,10021,Not married,Single,M,TKP/ Outsource,UX Designer,Junior,Average,EWD,Sales Cycle  ,Sunda,2012-04-02,,N/A-StillEmployed,Active,Google Search,5.0,3,0,0,13,1970-12-22,50.0,9.292933881312619
Anita Dwi Kusrini,10022,Married,Married,F,TKP/ Outsource,UI Designer,Junior,Special treatment,FIN,Inpoin,Cina,2013-08-19,,N/A-StillEmployed,Active,Indeed,4.2,3,0,0,2,1958-12-27,62.0,7.913028750265647
Anjas Syarifudin Maharesi,10023,Married,Divorced,F,Prohire,UX Writer,Senior,Fully meets,FIN,MPS,Jawa,2014-07-07,,N/A-StillEmployed,Active,Indeed,5.0,3,0,0,19,1989-09-01,31.0,7.031422694443145
Anne Lestari,10024,Married,Divorced,F,Prohire,UX Designer,Junior,Fully meets,EDU,Arkademy ,Padang,2011-04-04,,N/A-StillEmployed,Active,CareerBuilder,2.0,3,0,2,3,1990-09-21,30.0,10.289532033234833
Anshory Muhammad,10025,Married,Widowed,F,Prohire,UX Writer,Junior,Special treatment,ENT,MyPertamina,Padang,2011-01-10,2016-04-04,career change,Voluntarily Terminated,Google Search,4.8,5,0,0,5,1967-01-16,54.0,5.232140290355038
Arief Luthfi,10026,Not married,Single,M,TKP/ Outsource,Artificial Intelligent,Junior,Exceed,IHX,Squad B,Cina,2014-02-17,2018-02-19,Learned that he is a gangster,Terminated for Cause,LinkedIn,3.5,5,7,0,2,1964-07-30,56.0,4.005557951224187
Arini Indah,10027,Married,Widowed,F,TKP/ Outsource,UI Designer,Junior,Average,EDU,Squad Service Core,Sunda,2015-02-16,,N/A-StillEmployed,Active,Diversity Job Fair,5.0,4,3,0,4,1987-04-04,34.0,6.418131526921643
Arisalsabila Wahyu Bawono,10028,Not married,Single,M,TKP/ Outsource,Back End Developer,Senior,Average,FIN,Bonum,Padang,2013-09-30,2016-08-07,retiring,Voluntarily Terminated,Indeed,3.39,3,0,0,14,1970-03-10,51.0,2.852899101282025
Arsya Shafira Firstri,10029,Married,Divorced,F,TKP/ Outsource,Back End Developer,Middle,Exceed,ENT,MyPertamina,Padang,2012-04-02,2015-06-15,Another position,Voluntarily Terminated,Google Search,3.35,4,0,0,6,1990-08-24,30.0,3.2006132911695655
Arwani,10030,Not married,Single,F,TKP/ Outsource,Front End Developer,Junior,Exceed,EDU,Squad Service Core,Bali,2008-10-27,,N/A-StillEmployed,Active,Diversity Job Fair,4.5,2,6,0,14,1987-11-24,33.0,12.72353136539473
Asep Yuhana,10031,Not married,Single,M,TKP/ Outsource,Front End Developer,Middle,Exceed,FIN,Bonum,Padang,2014-09-29,,N/A-StillEmployed,Active,Google Search,3.19,3,0,0,9,1983-07-28,37.0,6.801438509777688
Asfah Faela Shufa,10032,Married,Married,F,TKP/ Outsource,Front End Developer,Senior,Average,EWD,Sales Cycle,Cina,2013-11-11,,N/A-StillEmployed,Active,Diversity Job Fair,3.5,5,0,0,17,1969-10-30,51.0,7.683044566503318
Astria Karismawati,10033,Not married,Single,F,TKP/ Outsource,Front End Developer,Middle,Fully meets,EWD,RPA & Profitability,Cina,2011-08-15,2016-08-02,Another position,Voluntarily Terminated,Google Search,3.14,5,0,1,19,1964-06-01,57.0,4.966563310677153
Astrid Noviasari Suprapto,10034,Married,Divorced,F,TKP/ Outsource,Back End Developer,Senior,Fully meets,IHX,Squad C,Bali,2012-03-05,,N/A-StillEmployed,Active,Employee Referral,4.51,4,0,0,3,1980-03-02,41.0,9.369595283735134
Aulia Eka Fitriani,10035,Married,Married,M,TKP/ Outsource,Mobile Developer Android,Junior,Fully meets,ENT,MyPertamina,Sunda,2011-04-04,,N/A-StillEmployed,Active,Indeed,3.25,5,0,0,15,1977-08-19,43.0,10.289532038558571
Aura Camellia Ludica,10036,Not married,Single,M,TKP/ Outsource,Back End Developer,Junior,Need improvement,FIN,Platform,Cina,2011-08-15,,N/A-StillEmployed,Active,Google Search,3.84,3,5,0,4,1966-11-22,54.0,9.925390407104368
Aviall Anggraina,10037,Not married,Single,M,TKP/ Outsource,Back End Developer,Junior,Fully meets,HLT,PeduliLindungi,Jawa,2016-01-28,,N/A-StillEmployed,Active,Indeed,5.0,3,0,0,14,1983-08-09,37.0,5.470815707185631
Ayu Bintang Nurrachma Gunawan,10038,Not married,Single,F,TKP/ Outsource,Back End Developer,Middle,Need improvement,HLT,PeduliLindungi,Padang,2013-11-11,,N/A-StillEmployed,Active,Indeed,4.96,4,6,0,3,1987-04-05,34.0,7.683044569307676
Ayu Prihatini Novianingrum Romadani,10039,Married,Divorced,M,Prohire,Front End Developer,Junior,Fully meets,IHX,Lead/Reviewer/Maintener,Bali,2014-03-31,,N/A-StillEmployed,Active,LinkedIn,4.43,3,0,0,14,1983-02-02,38.0,7.299737588780849
Bagus,10040,Not married,Single,F,Prohire,Back End Developer,Junior,Fully meets,IHX,Squad B,Sunda,2016-06-30,,N/A-StillEmployed,Active,LinkedIn,5.0,5,6,0,7,1986-06-06,35.0,5.049178029511626
Bagus Indra Febrianto,10041,Not married,Single,F,Prohire,Mobile Developer Android,Junior,Special treatment,IHX,Squad D,Padang,2014-08-18,,N/A-StillEmployed,Active,Indeed,5.0,5,0,0,7,1963-05-15,58.0,6.916430608753152
Bagus Tri Harjanto,10042,Married,Married,F,TKP/ Outsource,Back End Developer,Middle,Fully meets,EWD,Explore,Bali,2014-09-29,,N/A-StillEmployed,Active,Google Search,5.0,4,0,0,11,1951-01-02,70.0,6.801438514911168
Bayu Aji Kurniawan,10043,Married,Married,M,TKP/ Outsource,Back End Developer,Junior,Average,FIN,Inpoin,Cina,2016-09-06,,N/A-StillEmployed,Active,Indeed,4.5,5,7,0,8,1972-02-09,49.0,4.8630003544148686
Bayu Anugrah,10044,Married,Divorced,F,TKP/ Outsource,Back End Developer,Junior,Average,EWD,AM Performance,Bali,2014-05-12,,N/A-StillEmployed,Active,Indeed,3.3,4,0,0,11,1979-02-12,42.0,7.184745496792688
Bayusandya Tresnayatna,10045,Not married,Single,M,TKP/ Outsource,Back End Developer,Senior,Need improvement,ENT,MyPertamina,Padang,2013-07-08,,N/A-StillEmployed,Active,LinkedIn,3.8,5,0,0,4,1983-08-24,37.0,8.028020855444309
Brilliant Djaka Irfanudin Rofiq,10046,Not married,Single,M,TKP/ Outsource,Front End Developer,Middle,Exceed,FIN,Inpoin,Bali,2012-05-14,,N/A-StillEmployed,Active,Employee Referral,3.0,5,0,0,17,1970-06-11,51.0,9.17794179885475
Burhanudin Ramdhani,10047,Married,Married,F,TKP/ Outsource,Back End Developer,Junior,Average,FIN,Bonum,Jawa,2011-06-27,2017-11-15,relocation out of area,Voluntarily Terminated,Indeed,4.3,4,0,0,3,1983-08-27,37.0,6.387537047304188
Calvinza Herman,10048,Not married,Single,F,Prohire,Back End Developer,Junior,Average,LGT,Logee Truck Web,Sunda,2011-10-03,,N/A-StillEmployed,Active,Indeed,3.58,5,0,0,3,1988-05-31,33.0,9.79123296933953
Chika Mareyza Anjani,10049,Married,Married,M,TKP/ Outsource,Front End Developer,Junior,Fully meets,EDU,Squad Control Tower,Padang,2012-09-05,,N/A-StillEmployed,Active,Indeed,4.7,3,6,0,2,1985-09-05,35.0,8.865820401438897
Christi Yanti Pardede,10050,Not married,Single,F,TKP/ Outsource,Front End Developer,Junior,Fully meets,EDU,Squad Pijar Corpu,Bali,2011-05-16,2015-01-07,unhappy,Voluntarily Terminated,Google Search,4.2,5,0,0,9,1981-08-31,39.0,3.6468921333086923
Christian S. X. Kembuan,10051,Married,Divorced,M,TKP/ Outsource,Back End Developer,Senior,Average,COM,ChatAja,Sunda,2010-08-30,2013-09-26,career change,Voluntarily Terminated,Indeed,4.2,4,0,0,6,1978-11-25,42.0,3.074669568848094
Cipta Pakarti Puji Akasyah,10052,Married,Divorced,M,TKP/ Outsource,Mobile Developer Android,Senior,Special treatment,FIN,MPS,Bali,2016-07-06,,N/A-StillEmployed,Active,Employee Referral,4.1,4,0,0,5,1980-08-26,40.0,5.03275059307217
Claudia Cahya P,10053,Married,Widowed,M,TKP/ Outsource,System Documentation,Junior,Need improvement,LGT,Logee Truck All Product,Padang,2013-07-08,,N/A-StillEmployed,Active,Employee Referral,4.4,5,0,0,3,1977-09-08,43.0,8.028020859204304
Darin Afaf Rafinda,10054,Not married,Single,M,TKP/ Outsource,Front End Developer,Junior,Fully meets,VGA,Ads Based,Jawa,2011-07-11,2018-09-23,performance,Terminated for Cause,LinkedIn,2.0,3,0,5,16,1979-08-12,41.0,7.203433335386763
David Suryana Adie,10055,Not married,Single,M,TKP/ Outsource,Front End Developer,Middle,Need improvement,VGA,IndiBOX Apps,Sunda,2010-07-20,,N/A-StillEmployed,Active,CareerBuilder,4.13,2,0,3,3,1975-12-17,45.0,10.995912055704364
Debby Safira,10056,Not married,Single,M,TKP/ Outsource,Front End Developer,Junior,Exceed,IHL,IndiHome Smart,Jawa,2009-01-05,,N/A-StillEmployed,Active,Indeed,3.7,5,0,0,15,1983-03-19,38.0,12.531877887076483
Deddy Nur Hidayat,10057,Married,Married,F,TKP/ Outsource,Front End Developer,Senior,Fully meets,IHL,IndiHome Study,Jawa,2015-01-05,,N/A-StillEmployed,Active,Indeed,4.73,5,0,0,6,1977-03-31,44.0,6.533123635216228
Delicia Generis Humani,10058,Married,Married,M,TKP/ Outsource,Front End Developer,Junior,Exceed,FIN,Platform,Cina,2015-03-30,,N/A-StillEmployed,Active,Indeed,3.04,3,6,0,2,1986-08-26,34.0,6.303139447104555
Denandra Prasetya Laksma Putra,10059,Married,Married,F,TKP/ Outsource,Front End Developer,Senior,Average,FIN,Platform,Bali,2016-07-06,,N/A-StillEmployed,Active,LinkedIn,4.12,5,0,0,15,1987-04-10,34.0,5.0327505963609545
Dendy Ramdhan Fauzy,10060,Not married,Single,M,TKP/ Outsource,Back End Developer,Junior,Need improvement,IHX,Squad B,Padang,2014-11-10,,N/A-StillEmployed,Active,Employee Referral,5.0,3,4,0,5,1965-09-09,55.0,6.6864464290573755
Devi,10061,Not married,Single,F,TKP/ Outsource,Back End Developer,Senior,Exceed,IHX,Squad C,Bali,2014-05-05,,N/A-StillEmployed,Active,Indeed,4.62,4,0,0,8,1990-04-19,31.0,7.203910853862439
Dewi Hapsari,10062,Married,Divorced,F,TKP/ Outsource,Front End Developer,Senior,Exceed,EWD,Refactoring New IA,Cina,2014-11-10,,N/A-StillEmployed,Active,LinkedIn,3.1,5,8,0,19,1952-01-18,69.0,6.6864464299938415
Dewi Rahayu,10063,Married,Widowed,F,Prohire,Mobile Developer Android,Senior,Need improvement,VGA,Ads Based,Sunda,2012-07-02,,N/A-StillEmployed,Active,Indeed,5.0,3,0,0,1,1978-11-05,42.0,9.043784363462922
Dhieo Deva Alavanta,10064,Married,Widowed,M,TKP/ Outsource,Mobile Developer Android,Junior,Special treatment,VGA,IndiBOX Apps,Cina,2011-11-07,,N/A-StillEmployed,Active,LinkedIn,3.96,4,0,0,6,1979-09-14,41.0,9.695406231601869
Dian Putri Paramitha Rais,10065,Married,Married,M,TKP/ Outsource,Back End Developer,Junior,Exceed,ENT,MyPertamina,Bali,2018-07-09,,N/A-StillEmployed,Active,Indeed,4.3,4,3,2,2,1988-04-15,33.0,3.025864763069862
Difa Al,10066,Married,Married,M,TKP/ Outsource,Mobile Developer Android,Junior,Need improvement,EDU,Squad Service Core,Cina,2011-05-16,2018-06-08,unhappy,Voluntarily Terminated,Indeed,5.0,4,0,0,14,1977-10-31,43.0,7.06380007803035
Dimas Bayu Suseno,10067,Not married,Single,F,TKP/ Outsource,Mobile Developer Android,Junior,Fully meets,COM,ChatAja,Jawa,2012-01-09,,N/A-StillEmployed,Active,CareerBuilder,3.79,5,5,0,8,1979-07-05,42.0,9.522918091581248
Dimas Pratama,10068,Not married,Single,M,TKP/ Outsource,Mobile Developer iOS,Middle,Fully meets,COM,ChatAja,Sunda,2014-09-29,,N/A-StillEmployed,Active,Indeed,1.93,3,0,6,5,1975-11-02,45.0,6.801438527110792
Dini Agustini Fajri,10069,Married,Married,F,TKP/ Outsource,Back End Developer,Middle,Exceed,VGA,Ads Based,Sunda,2011-04-04,2017-11-04,more money,Voluntarily Terminated,Google Search,4.62,5,0,0,1,1951-02-25,70.0,6.58740425881435
Dwi Erviana,10070,Married,Widowed,M,TKP/ Outsource,Back End Developer,Junior,Average,IHL,IndiHome Smart,Bali,2014-07-07,,N/A-StillEmployed,Active,Indeed,1.12,2,0,4,9,1967-04-19,54.0,7.031422716701188
Dyva Agna Fauzan,10071,Married,Divorced,M,TKP/ Outsource,Front End Developer,Junior,Exceed,EDU,Squad Pijar Corpu,Cina,2017-02-15,,N/A-StillEmployed,Active,Indeed,3.01,5,7,0,15,1983-09-04,37.0,4.4194594325808145
Egi Chandra Legita,10072,Married,Divorced,M,TKP/ Outsource,Back End Developer,Junior,Average,EWD,Delivery & Project Mgt,Cina,2014-05-12,,N/A-StillEmployed,Active,Indeed,4.3,4,0,0,1,1982-11-15,38.0,7.184745510185839
Egy Haekal Achmad,10073,Married,Widowed,F,TKP/ Outsource,Front End Developer,Middle,Special treatment,ENT,NETMONK,Cina,2012-02-20,,N/A-StillEmployed,Active,Website,2.3,1,0,2,17,1987-05-14,34.0,9.407926000336852
Eka Risyana Pribadi,10074,Married,Widowed,F,TKP/ Outsource,Front End Developer,Middle,Average,EWD,Evaluate,Bali,2013-01-07,,N/A-StillEmployed,Active,Indeed,3.88,4,0,0,6,1978-12-02,42.0,8.526319944514508
Eki Mandjasari,10075,Married,Divorced,F,TKP/ Outsource,Back End Developer,Junior,Average,EWD,Pay,Jawa,2012-04-02,,N/A-StillEmployed,Active,CareerBuilder,3.4,5,0,0,15,1986-10-07,34.0,9.292933906946494
Eki Rizki Pratama Putra,10076,Married,Divorced,F,TKP/ Outsource,DevOps Engineer,Junior,Special treatment,EWD,Payment - SSOF,Jawa,2015-01-05,,N/A-StillEmployed,Active,Employee Referral,4.11,4,6,0,16,1988-07-18,33.0,6.533123644353738
Enny,10077,Not married,Single,M,TKP/ Outsource,Front End Developer,Middle,Average,EDU,Squad Pijar Corpu,Bali,2014-01-05,,N/A-StillEmployed,Active,Indeed,4.3,5,5,0,4,1970-07-09,51.0,7.532459702356077
Erdin Suharyadi,10078,Not married,Single,F,TKP/ Outsource,Back End Developer,Senior,Average,EDU,Squad Pijar Sekolah,Padang,2011-01-10,,N/A-StillEmployed,Active,Indeed,4.77,5,0,0,14,1988-11-08,32.0,10.519516247454792
Ester Vanessa,10079,Not married,Single,F,TKP/ Outsource,Back End Developer,Senior,Fully meets,COM,UMEETME,Cina,2014-09-18,,N/A-StillEmployed,Active,Google Search,4.52,4,0,0,4,1973-11-28,47.0,6.8315555094938825
Estha Triani Juansah,10080,Married,Widowed,F,TKP/ Outsource,System Documentation,Junior,Exceed,COM,ChatAja,Bali,2010-04-26,,N/A-StillEmployed,Active,Google Search,2.9,3,0,0,6,1973-09-23,47.0,11.228634163168959
Evi Sitorus,10081,Married,Widowed,F,TKP/ Outsource,Front End Developer,Junior,Average,EWD,Product & Content Management System,Cina,2011-04-04,2019-06-06,military,Voluntarily Terminated,Google Search,5.0,3,0,0,7,1991-09-05,29.0,8.172652415860695
Fadilla Nur Elminasari,10082,Not married,Single,M,TKP/ Outsource,Back End Developer,Middle,Special treatment,ENT,MyPertamina,Jawa,2014-11-10,,N/A-StillEmployed,Active,LinkedIn,4.7,5,0,0,8,1974-05-31,47.0,6.686446439500811
Fahmi Alhafid,10083,Not married,Single,M,TKP/ Outsource,Back End Developer,Junior,Average,COM,UMEETME,Sunda,2014-03-31,,N/A-StillEmployed,Active,Employee Referral,4.2,3,0,0,3,1978-08-25,42.0,7.299737609518973
Fairuzh Shalma N,10084,Not married,Single,F,TKP/ Outsource,Back End Developer,Junior,Average,COM,Vutura,Cina,2014-07-07,,N/A-StillEmployed,Active,Indeed,3.0,1,0,2,5,1989-08-25,31.0,7.031422723285632
Faisal Fahlevi,10085,Not married,Single,M,Prohire,Front End Developer,Senior,Need improvement,IHX,Squad D,Padang,2012-04-02,2020-09-27,attendance,Terminated for Cause,Google Search,5.0,4,0,5,16,1983-09-02,37.0,8.487511721664374
Faishal Mahdy Nail,10086,Not married,Single,F,Prohire,Back End Developer,Senior,Average,COM,Vutura,Jawa,2014-02-17,2020-02-25,"no-call, no-show",Terminated for Cause,Google Search,2.3,3,0,5,19,1989-05-06,32.0,6.020657508367728
Fajar Lesmana,10087,Married,Married,F,TKP/ Outsource,Back End Developer,Junior,Average,VGA,IndiBOX Apps,Bali,2011-05-02,2015-06-05,attendance,Terminated for Cause,Indeed,2.1,5,4,4,19,1987-05-15,34.0,4.093170975447819
Fakhri Ridho Dhiyamatra,10088,Married,Divorced,F,TKP/ Outsource,Front End Developer,Junior,Fully meets,EDU,Squad Service Core,Cina,2014-07-07,,N/A-StillEmployed,Active,LinkedIn,4.4,5,0,0,17,1978-09-22,42.0,7.031422725281992
Fany Amalia,10089,Not married,Single,F,TKP/ Outsource,Front End Developer,Senior,Need improvement,COM,Vutura,Cina,2014-02-17,,N/A-StillEmployed,Active,LinkedIn,4.0,4,0,0,7,1987-09-27,33.0,7.414729706703644
Faraz Ayudia A,10090,Not married,Single,F,TKP/ Outsource,Back End Developer,Middle,Exceed,EWD,RPA & Profitability,Jawa,2011-11-07,2018-05-17,military,Voluntarily Terminated,Google Search,3.13,3,0,0,16,1955-04-14,66.0,6.524432397653614
Fauza Alfisyahrin,10091,Not married,Single,M,TKP/ Outsource,Mobile Developer Android,Middle,Need improvement,IHX,Squad B,Jawa,2015-05-11,,N/A-StillEmployed,Active,Indeed,1.56,5,0,6,15,1989-10-18,31.0,6.188147368452568
Fauzan Indra,10092,Not married,Single,M,TKP/ Outsource,Back End Developer,Junior,Exceed,IHX,Squad D,Padang,2015-03-30,,N/A-StillEmployed,Active,LinkedIn,1.2,3,6,3,2,1987-06-18,34.0,6.3031394632146345
Fauzi Radian Hantoro,10093,Married,Widowed,F,TKP/ Outsource,Mobile Developer Android,Junior,Average,EWD,Data & Dashboard Analytics,Padang,2012-01-09,,N/A-StillEmployed,Active,Google Search,5.0,5,0,0,19,1981-03-16,40.0,9.522918103885097
Fauzi Zaki Ma'ruf,10094,Not married,Single,M,TKP/ Outsource,Mobile Developer Android,Middle,Fully meets,EWD,Explore,Sunda,2011-05-16,2015-06-24,hours,Voluntarily Terminated,Google Search,4.76,5,0,0,20,1981-10-01,39.0,4.106860510482761
Febby Wijaya,10095,Married,Married,F,TKP/ Outsource,Back End Developer,Junior,Need improvement,ENT,NETMONK,Padang,2011-04-04,2015-01-09,career change,Voluntarily Terminated,Google Search,3.66,3,0,0,6,1983-11-08,37.0,3.7673600416161865
Ferli,10096,Not married,Single,M,TKP/ Outsource,Back End Developer,Junior,Average,EWD,RPA & Profitability,Sunda,2014-09-29,2020-08-19,Fatal attraction,Terminated for Cause,Employee Referral,2.0,5,0,4,7,1975-07-07,46.0,5.88923797203228
Fikri Akbar,10097,Married,Divorced,M,TKP/ Outsource,Back End Developer,Junior,Average,EWD,Explore,Sunda,2011-04-15,,N/A-StillEmployed,Active,Indeed,5.0,5,5,0,15,1980-07-05,41.0,10.259415090601527
Fikri Auliya Rahman,10098,Married,Married,F,TKP/ Outsource,Front End Developer,Senior,Fully meets,COM,ChatAja,Padang,2009-01-05,,N/A-StillEmployed,Active,Other,5.0,3,2,0,3,1979-04-16,42.0,12.531877906877286
Fransky,10099,Not married,Single,M,TKP/ Outsource,System Documentation,Junior,Average,FIN,MPS,Cina,2011-09-06,,N/A-StillEmployed,Active,CareerBuilder,4.3,3,0,2,7,1963-08-28,57.0,9.865156482569578
Freza Nugraha,10100,Not married,Single,F,Prohire,System Documentation,Junior,Exceed,FIN,Inpoin,Padang,2010-05-01,,N/A-StillEmployed,Active,LinkedIn,4.7,4,5,0,1,1968-07-06,53.0,11.214944637490275
Gabe Rizky Putra,10101,Married,Divorced,M,Prohire,Back End Developer,Middle,Need improvement,COM,ChatAja,Bali,2015-03-30,,N/A-StillEmployed,Active,Employee Referral,4.5,3,0,0,5,1985-09-15,35.0,6.303139467404425
Gana,10102,Married,Married,F,Prohire,Back End Developer,Junior,Fully meets,ENT,Intermoda,Cina,2011-05-16,,N/A-StillEmployed,Active,LinkedIn,4.2,4,0,0,12,1983-12-02,37.0,10.174539975761537
Gema Saputera,10103,Not married,Single,F,Prohire,Back End Developer,Junior,Fully meets,COM,ChatAja,Jawa,2015-03-30,,N/A-StillEmployed,Active,LinkedIn,3.73,3,0,0,19,1990-10-01,30.0,6.303139468331257
Gerald Ghibran Gunasha,10104,Not married,Single,F,TKP/ Outsource,Back End Developer,Senior,Special treatment,FIN,GTM,Jawa,2011-11-07,2018-11-15,hours,Voluntarily Terminated,Diversity Job Fair,4.24,4,0,0,2,1970-05-15,51.0,7.022731472925522
Geraldy Martin Pangabean,10105,Not married,Single,F,TKP/ Outsource,Back End Developer,Junior,Fully meets,EWD,Active & Install,Sunda,2014-07-07,2017-09-05,attendance,Terminated for Cause,CareerBuilder,3.97,4,0,0,7,1971-07-10,50.0,3.1650205000787146
Gilang Ramadhan,10106,Married,Widowed,M,TKP/ Outsource,Front End Developer,Junior,Fully meets,EWD,Evaluate,Cina,2012-04-02,2017-06-25,military,Voluntarily Terminated,Diversity Job Fair,3.97,4,0,3,15,1974-08-09,46.0,5.22940238334805
Gilbi,10107,Married,Widowed,F,Prohire,Back End Developer,Junior,Special treatment,EWD,Explore,Bali,2014-09-29,,N/A-StillEmployed,Active,Indeed,3.9,4,0,0,3,1980-05-08,41.0,6.801438545493209
Giska Adilah Sharfina Saputra,10108,Married,Widowed,F,TKP/ Outsource,Front End Developer,Junior,Fully meets,EWD,Get Support & Terminated,Padang,2015-02-16,,N/A-StillEmployed,Active,Indeed,4.5,5,0,0,20,1989-09-22,31.0,6.418131564958175
Gusti Zainokta,10109,Married,Married,F,TKP/ Outsource,Back End Developer,Junior,Average,EWD,Pay,Cina,2015-02-16,2017-03-15,"no-call, no-show",Terminated for Cause,Indeed,4.6,4,4,0,10,1971-10-23,49.0,2.0753335112972886
Hadi,10110,Not married,Single,M,TKP/ Outsource,Mobile Developer iOS,Junior,Fully meets,ENT,HunianAja,Jawa,2015-03-30,,N/A-StillEmployed,Active,LinkedIn,4.3,5,7,0,20,1989-11-24,31.0,6.3031394715706694
Hadi Purnomo,10111,Married,Widowed,F,Prohire,Back End Developer,Junior,Average,ENT,Intermoda,Sunda,2013-11-11,,N/A-StillEmployed,Active,Indeed,4.3,5,0,0,7,1992-06-18,29.0,7.683044603545932
Hakim Rizki Pratama,10112,Not married,Single,M,TKP/ Outsource,Back End Developer,Senior,Average,FIN,Inpoin,Padang,2011-07-11,,N/A-StillEmployed,Active,Diversity Job Fair,4.5,4,0,0,1,1969-09-29,51.0,10.021217187982382
Halah Helmia Wahdah,10113,Married,Married,M,TKP/ Outsource,Back End Developer,Junior,Average,EWD,Data & Dashboard Analytics,Bali,2010-04-26,2013-05-30,career change,Voluntarily Terminated,Diversity Job Fair,3.0,3,0,3,10,1964-10-12,56.0,3.0938349178970137
Hammad Bhat,10114,Not married,Single,F,Prohire,Back End Developer,Senior,Exceed,EWD,Explore,Jawa,2015-01-05,,N/A-StillEmployed,Active,Employee Referral,4.61,4,5,0,11,1981-04-16,40.0,6.533123661982152
Hanif Maghfur,10115,Married,Married,F,TKP/ Outsource,Back End Developer,Middle,Average,EWD,AM Performance,Cina,2014-05-12,,N/A-StillEmployed,Active,LinkedIn,4.6,3,0,0,20,1986-05-25,35.0,7.184745530097014
Hans Christian Saragih,10116,Not married,Single,M,TKP/ Outsource,Front End Developer,Middle,Average,EWD,Delivery & Project Mgt,Bali,2012-07-02,,N/A-StillEmployed,Active,LinkedIn,5.0,3,0,0,2,1979-05-21,42.0,9.043784388293775
Hardeni Jumaidi,10117,Married,Married,F,TKP/ Outsource,Back End Developer,Middle,Fully meets,EWD,Evaluate,Jawa,2013-09-30,,N/A-StillEmployed,Active,Google Search,4.4,5,0,0,1,1983-12-08,37.0,7.798036700565505
Harsa,10118,Not married,Single,F,TKP/ Outsource,Back End Developer,Junior,Average,EWD,Get Support,Padang,2013-08-19,,N/A-StillEmployed,Active,LinkedIn,4.1,5,0,0,3,1974-10-09,46.0,7.91302879528682
Hasanal Bulkiah,10119,Married,Widowed,M,TKP/ Outsource,Front End Developer,Junior,Exceed,EWD,Get Support & Terminated,Bali,2015-06-02,,N/A-StillEmployed,Active,Employee Referral,4.63,3,0,0,2,1981-07-11,40.0,6.127913427205644
Hasbi Nur Fadhil,10120,Married,Widowed,F,TKP/ Outsource,Front End Developer,Junior,Average,EWD,Pay,Bali,2011-02-21,2016-01-11,more money,Voluntarily Terminated,CareerBuilder,5.0,5,0,0,17,1983-05-21,38.0,4.887164007474486
Hazrul Saktio Ramadhana,10121,Not married,Single,M,TKP/ Outsource,Back End Developer,Junior,Exceed,EWD,Payment - SSOF,Padang,2017-04-20,,N/A-StillEmployed,Active,Indeed,4.2,5,5,0,8,1989-06-30,32.0,4.2442334072418655
Herdis Suryatna,10122,Not married,Single,M,TKP/ Outsource,Front End Developer,Junior,Exceed,HLT,Pre Vaksinasi,Bali,2012-03-07,2016-10-31,relocation out of area,Voluntarily Terminated,LinkedIn,4.5,5,0,0,20,1969-02-09,52.0,4.651704004873475
Hervita Ayu Andini,10123,Not married,Single,F,TKP/ Outsource,Front End Developer,Senior,Special treatment,HLT,Vaksinasi,Jawa,2011-11-28,,N/A-StillEmployed,Active,Google Search,4.2,4,0,0,13,1977-03-23,44.0,9.63791021190643
Hilman Zakky,10124,Married,Married,M,TKP/ Outsource,Back End Developer,Junior,Average,FIN,Platform,Bali,2013-11-11,,N/A-StillEmployed,Active,LinkedIn,5.0,3,0,0,20,1988-08-10,32.0,7.68304460935809
Idham Muhammad Irfani,10125,Married,Widowed,F,TKP/ Outsource,Back End Developer,Middle,Fully meets,EWD,Data & Dashboard Analytics,Padang,2012-01-09,2017-12-15,retiring,Voluntarily Terminated,CareerBuilder,4.64,4,0,0,8,1952-08-18,68.0,5.933044484144096
Ignatius Nicolas Harman,10126,Married,Married,F,TKP/ Outsource,Software Architect,Middle,Exceed,ENT,MyPertamina,Jawa,2014-05-12,,N/A-StillEmployed,Active,CareerBuilder,4.76,4,0,0,5,1974-05-02,47.0,7.18474553498817
Ikhsan Dwi Murtiyanto,10127,Married,Widowed,M,TKP/ Outsource,Front End Developer,Middle,Exceed,ENT,MyPertamina,Cina,2012-08-13,,N/A-StillEmployed,Active,Google Search,4.17,4,0,0,1,1984-01-04,37.0,8.928792298893885
Ilham Abdul Malik,10128,Not married,Single,F,TKP/ Outsource,Back End Developer,Junior,Fully meets,EDU,Squad Pijar Sekolah,Jawa,2011-01-10,2015-06-18,hours,Voluntarily Terminated,CareerBuilder,5.0,3,0,0,15,1972-08-27,48.0,4.435409351321383
Ilham Setiabudi,10129,Not married,Single,M,TKP/ Outsource,Back End Developer,Junior,Need improvement,VGA,IndiBOX Apps,Padang,2014-08-18,,N/A-StillEmployed,Active,Indeed,3.6,5,0,0,9,1988-09-14,32.0,6.916430649651842
Inda Novelia,10130,Not married,Single,F,TKP/ Outsource,Back End Developer,Senior,Fully meets,IHL,IndiBOX STB,Bali,2011-08-15,2014-04-07,relocation out of area,Voluntarily Terminated,Indeed,3.03,5,0,0,16,1984-02-16,37.0,2.6448181687508985
Indriani Tiosari Sitorus,10131,Married,Married,F,TKP/ Outsource,Mobile Developer Android,Junior,Exceed,FIN,Platform,Padang,2015-03-30,,N/A-StillEmployed,Active,Indeed,4.48,5,6,0,4,1984-02-21,37.0,6.303139480989546
Iqbal,10132,Married,Married,F,TKP/ Outsource,Mobile Developer Android,Junior,Fully meets,EWD,Core Domain,Padang,2014-05-05,,N/A-StillEmployed,Active,LinkedIn,4.5,4,0,0,19,1966-03-17,55.0,7.20391088674033
Iqbal Restu Maulana,10133,Married,Widowed,F,TKP/ Outsource,Front End Developer,Senior,Average,EWD,Get Support,Padang,2015-02-16,2017-04-15,"no-call, no-show",Terminated for Cause,Indeed,3.24,3,4,0,6,1985-09-16,35.0,2.1602086285139324
Irfan Hafizh Tawakal,10134,Married,Widowed,F,TKP/ Outsource,Back End Developer,Junior,Fully meets,EDU,Squad Pijar Sekolah,Cina,2012-02-20,,N/A-StillEmployed,Active,LinkedIn,4.8,4,0,0,4,1986-06-10,35.0,9.407926028293005
Irfan Naufal Ridi,10135,Married,Married,F,TKP/ Outsource,Back End Developer,Junior,Exceed,EDU,Squad Service Core,Cina,2016-06-06,,N/A-StillEmployed,Active,LinkedIn,3.0,5,0,0,4,1984-03-11,37.0,5.114887841785449
Irham Raziqony,10136,Married,Widowed,F,TKP/ Outsource,Back End Developer,Junior,Average,EDU,Squad Control Tower,Bali,2015-06-05,,N/A-StillEmployed,Active,Indeed,4.5,3,0,0,6,1992-05-07,29.0,6.119699713821601
Irman Juliansyah,10137,Not married,Single,F,TKP/ Outsource,System Documentation,Middle,Need improvement,EDU,Squad Service Core,Cina,2011-02-21,2015-04-01,unhappy,Voluntarily Terminated,Google Search,3.72,3,0,0,18,1976-09-22,44.0,4.106860510482761
Ismi Dwi Lestari,10138,Not married,Single,M,TKP/ Outsource,Front End Developer,Junior,Need improvement,COM,UMEETME,Bali,2011-02-21,2014-09-24,unhappy,Voluntarily Terminated,Indeed,2.34,2,0,3,4,1976-11-15,44.0,3.5893960861619334
Ismi Narti,10139,Not married,Single,F,Prohire,Front End Developer,Senior,Exceed,IHL,IndiHome Smart,Padang,2013-08-19,,N/A-StillEmployed,Active,Indeed,3.99,3,0,0,14,1991-01-28,30.0,7.913028804747271
Jafar Haritsah,10140,Not married,Single,F,TKP/ Outsource,Back End Developer,Junior,Fully meets,VGA,UseeTV Go,Cina,2012-11-05,,N/A-StillEmployed,Active,LinkedIn,4.1,3,0,0,7,1972-09-11,48.0,8.698808116231536
Jessica Shopia Alussy,10141,Not married,Single,F,TKP/ Outsource,Mobile Developer Android,Junior,Fully meets,COM,ChatAja,Sunda,2013-09-30,,N/A-StillEmployed,Active,Employee Referral,4.3,5,0,0,7,1966-03-22,55.0,7.79803671140936
Jonior Prabowo,10142,Not married,Single,F,TKP/ Outsource,Mobile Developer Android,Junior,Exceed,LGT,Logee Truck Apps,Bali,2011-07-05,,N/A-StillEmployed,Active,LinkedIn,4.6,4,0,0,11,1986-11-06,34.0,10.03764464357898
Karang Reksa,10143,Married,Divorced,F,TKP/ Outsource,Front End Developer,Junior,Need improvement,EWD,Sales Cycle  ,Sunda,2014-01-06,,N/A-StillEmployed,Active,LinkedIn,5.0,5,0,0,9,1964-04-13,57.0,7.529721825628756
Karina Emelia,10144,Married,Widowed,M,Prohire,Scrum Master,Junior,Need improvement,COM,Vutura,Jawa,2011-11-07,2020-04-29,more money,Voluntarily Terminated,CareerBuilder,4.7,4,0,0,9,1959-08-19,61.0,8.47656009363642
Kevin Martinda Sodikin,10145,Not married,Single,F,TKP/ Outsource,DevOps Engineer,Middle,Need improvement,COM,Vutura,Bali,2015-01-05,,N/A-StillEmployed,Active,Indeed,3.75,3,5,0,2,1986-11-07,34.0,6.5331236760014715
Khalisa Syahba,10146,Married,Married,F,Prohire,Back End Developer,Senior,Average,IHX,Squad B,Padang,2014-07-07,,N/A-StillEmployed,Active,LinkedIn,4.3,3,0,0,1,1969-09-08,51.0,7.031422751701273
Khonsa Qurrotul Ain,10147,Not married,Single,F,Prohire,Back End Developer,Junior,Fully meets,IHX,Squad C,Jawa,2011-01-10,2018-04-01,unhappy,Voluntarily Terminated,CareerBuilder,4.0,4,0,0,4,1986-04-17,35.0,7.222598684435683
Kushal Choudhary,10148,Married,Widowed,F,Prohire,Front End Developer,Middle,Fully meets,EWD,Get Support,Padang,2011-11-07,2016-04-24,maternity leave - did not return,Voluntarily Terminated,Google Search,4.5,5,0,0,2,1989-11-11,31.0,4.462788421391267
Lando Rinov Siahaan,10149,Not married,Single,M,TKP/ Outsource,Back End Developer,Junior,Need improvement,FIN,Bonum,Cina,2013-09-30,,N/A-StillEmployed,Active,Indeed,3.07,4,0,0,10,1976-01-19,45.0,7.7980367150839545
Lazuardi Firdaus,10150,Not married,Single,M,TKP/ Outsource,Back End Developer,Senior,Average,IHL,IndiHome Smart,Sunda,2013-08-19,,N/A-StillEmployed,Active,Indeed,4.3,5,0,0,13,1979-11-27,41.0,7.913028809852802
Luluauliayana Sadjugo,10151,Married,Married,F,TKP/ Outsource,Back End Developer,Senior,Average,VGA,UseeTV Go,Padang,2012-07-02,,N/A-StillEmployed,Active,Indeed,4.83,3,0,0,10,1954-09-21,66.0,9.043784404208747
Luqman Aminullah,10152,Not married,Single,F,TKP/ Outsource,System Documentation,Middle,Fully meets,FIN,Platform,Bali,2011-09-26,2017-06-04,more money,Voluntarily Terminated,Google Search,3.6,5,0,0,16,1973-12-08,47.0,5.689370760522118
M Aidiel Rachman Putra,10153,Married,Divorced,F,TKP/ Outsource,Scrum Master,Junior,Exceed,COM,ChatAja,Padang,2011-09-26,2016-01-09,more money,Voluntarily Terminated,Google Search,3.49,4,0,0,6,1970-10-08,50.0,4.287562372944003
M Fadli Yoga Prawira,10154,Married,Divorced,M,TKP/ Outsource,Front End Developer,Junior,Exceed,COM,UMEETME,Sunda,2014-02-17,,N/A-StillEmployed,Active,LinkedIn,3.1,3,0,0,3,1977-11-10,43.0,7.414729736448565
M Iqbal,10155,Married,Divorced,M,TKP/ Outsource,Front End Developer,Junior,Special treatment,VGA,Ads Based,Bali,2011-01-10,,N/A-StillEmployed,Active,Indeed,3.38,3,0,0,17,1980-02-02,41.0,10.519516282873486
M Luthfi Ridhwan,10156,Not married,Single,M,Prohire,Front End Developer,Middle,Exceed,VGA,IndiBOX Apps,Jawa,2011-03-07,,N/A-StillEmployed,Active,Diversity Job Fair,3.65,5,0,0,20,1969-02-24,52.0,10.366193490989657
M. Abdurrahman Lathief Pratama,10157,Married,Widowed,M,Prohire,Back End Developer,Junior,Fully meets,IHL,IndiHome Music,Sunda,2014-11-10,,N/A-StillEmployed,Active,Employee Referral,4.46,5,6,0,7,1986-04-23,35.0,6.686446474090305
M. Afsori,10158,Not married,Single,M,Prohire,Back End Developer,Junior,Exceed,VGA,UseeTV Go,Cina,2011-01-10,2017-12-12,attendance,Terminated for Cause,Employee Referral,4.78,4,0,0,9,1972-07-01,49.0,6.921428913666947
M. Bahtiar,10159,Not married,Single,F,Prohire,UI Designer,Junior,Fully meets,EDU,Squad Pijar Corpu,Cina,2013-01-07,2016-03-31,Another position,Voluntarily Terminated,Indeed,4.52,3,0,0,20,1979-07-25,41.0,3.2279923612394503
M. Ridwan,10160,Not married,Single,M,TKP/ Outsource,Business Analyst,Middle,Exceed,EDU,Squad Pijar Mahir,Padang,2012-07-09,,N/A-StillEmployed,Active,LinkedIn,5.0,5,0,0,13,1986-12-09,34.0,9.02461905941141
M. Sifaun Niam,10161,Not married,Single,M,TKP/ Outsource,Business Analyst,Junior,Special treatment,EWD,Product & Content Management System,Cina,2014-01-06,,N/A-StillEmployed,Active,Website,5.0,4,4,0,3,1984-04-26,37.0,7.5297218340472485
M.Khairi Usman,10162,Married,Married,M,Prohire,Business Analyst,Junior,Exceed,EWD,Progressive Web App,Sunda,2012-04-02,2015-04-15,more money,Voluntarily Terminated,Google Search,4.9,3,0,0,20,1984-05-09,37.0,3.0336009637432664
Magfira Fairuz,10163,Married,Married,F,Prohire,Business Analyst,Junior,Exceed,EWD,Activate & Install,Cina,2016-10-02,,N/A-StillEmployed,Active,Indeed,4.1,5,7,0,2,1987-06-14,34.0,4.791814828080735
Mahardicka Nurachman,10164,Married,Divorced,F,Prohire,Front End Developer,Junior,Exceed,LGT,Logee Truck Web,Padang,2011-09-26,2020-08-19,return to school,Voluntarily Terminated,CareerBuilder,4.88,3,0,0,17,1979-01-17,42.0,8.898197772712649
Maman Imtiyaz,10165,Not married,Single,M,TKP/ Outsource,Back End Developer,Junior,Exceed,IHX,Squad B,Sunda,2016-01-05,,N/A-StillEmployed,Active,CareerBuilder,4.1,4,0,0,20,1984-06-10,37.0,5.533787627996392
Mauliawan Prima Santosa,10166,Married,Married,M,TKP/ Outsource,UX Designer,Junior,Fully meets,VGA,IndiBOX Apps,Sunda,2012-05-14,,N/A-StillEmployed,Active,Google Search,4.1,3,0,0,10,1982-09-02,38.0,9.177941854821151
Meidiana Aprilliani,10167,Married,Widowed,M,TKP/ Outsource,Front End Developer,Junior,Exceed,VGA,UseeTV Go,Bali,2012-04-30,,N/A-StillEmployed,Active,Website,4.53,3,0,0,16,1988-12-27,32.0,9.216272553441474
Mesakh,10168,Married,Widowed,F,TKP/ Outsource,Product Owner,Junior,Average,LGT,Logee Truck Apps,Cina,2013-09-30,,N/A-StillEmployed,Active,Website,4.1,3,0,0,11,1981-10-26,39.0,7.798036724344671
Mochamad Ramdhan,10169,Married,Widowed,F,TKP/ Outsource,Scrum Master,Middle,Special treatment,EDU,Squad Pijar Sekolah,Padang,2011-07-05,2020-09-26,unhappy,Voluntarily Terminated,Indeed,3.18,4,0,0,16,1981-03-26,40.0,9.229484520558259
Moh Anang Nur Aji Pambudi,10170,Married,Married,M,Prohire,UX Researcher,Junior,Fully meets,EDU,Squad Pijar Sekolah,Cina,2013-07-08,,N/A-StillEmployed,Active,LinkedIn,4.0,3,0,0,7,1979-03-19,42.0,8.028020913953762
Mohamad Rinaldy,10171,Married,Divorced,F,Prohire,Front End Developer,Middle,Need improvement,EDU,Squad Pijar Sekolah,Bali,2011-01-21,,N/A-StillEmployed,Active,Diversity Job Fair,4.64,4,5,0,14,1988-10-05,32.0,10.489399313751562
Mohammad Alhafidz Permana Baskoro,10172,Married,Married,F,TKP/ Outsource,Digital Product Manager,Junior,Special treatment,ENT,MyPertamina,Padang,2013-07-08,2018-09-15,more money,Voluntarily Terminated,LinkedIn,4.65,4,0,0,15,1976-12-26,44.0,5.188333778243222
Mohammad Zamal Syahputra,10173,Married,Divorced,F,TKP/ Outsource,Digital Product Manager,Junior,Fully meets,HLT,Pre Vaksinasi,Padang,2013-08-19,,N/A-StillEmployed,Active,Indeed,4.2,4,0,0,19,1982-03-28,39.0,7.9130288212225315
Mohammed Ammad,10174,Not married,Single,F,TKP/ Outsource,UI Designer,Senior,Fully meets,COM,ChatAja,Bali,2015-02-16,,N/A-StillEmployed,Active,Website,5.0,3,0,0,6,1975-10-22,45.0,6.4181315959496335
Mona Turisna Nasution,10175,Not married,Single,F,TKP/ Outsource,UI Designer,Junior,Average,VGA,UseeTV Go,Cina,2011-11-07,2017-11-14,Another position,Voluntarily Terminated,Diversity Job Fair,5.0,4,0,0,17,1973-02-14,48.0,6.020657508367728
Muhamad,10176,Married,Married,M,TKP/ Outsource,Back End Developer,Junior,Average,FIN,MPS,Sunda,2012-09-24,2019-09-26,hours,Voluntarily Terminated,Indeed,3.08,4,0,0,18,1972-11-09,48.0,7.0035661238766025
Muhamad Hanif Abiyoga,10177,Not married,Single,F,TKP/ Outsource,Back End Developer,Junior,Average,IHX,Squad A,Sunda,2014-01-06,,N/A-StillEmployed,Active,LinkedIn,4.6,4,0,0,14,1986-07-07,35.0,7.529721842353691
Muhamad Son'ani,10178,Married,Married,F,TKP/ Outsource,Back End Developer,Senior,Exceed,FIN,Platform,Cina,2016-05-11,,N/A-StillEmployed,Active,LinkedIn,5.0,3,0,0,4,1976-08-25,44.0,5.186073444895501
Muhamad Syaifurrahman Muhtarom,10179,Not married,Single,F,TKP/ Outsource,Front End Developer,Junior,Exceed,ENT,HunianAja,Cina,2011-07-05,2014-08-19,Another position,Voluntarily Terminated,LinkedIn,5.0,4,0,0,16,1986-12-10,34.0,3.1239518949738874
Muhammad Abdurrahim Suwandi,10180,Not married,Single,F,TKP/ Outsource,Product Owner,Junior,Fully meets,Com,DTP Com,Jawa,2013-11-11,,N/A-StillEmployed,Active,LinkedIn,4.1,3,0,0,11,1974-11-07,46.0,7.68304463624383
Muhammad Afthon,10181,Married,Divorced,F,Prohire,Product Owner,Middle,Special treatment,COM,UMEETME,Cina,2013-11-11,,N/A-StillEmployed,Active,Google Search,4.5,5,4,0,14,1987-11-07,33.0,7.683044636694032
Muhammad Agiet Putra,10182,Not married,Single,F,Prohire,Product Owner,Middle,Exceed,EWD,"Get Support",Jawa,2011-05-31,,N/A-StillEmployed,Active,Indeed,5.0,4,0,0,8,1977-11-22,43.0,10.133471408425503
Muhammad Akmalul Ginan,10183,Married,Widowed,F,TKP/ Outsource,Business Analyst,Junior,Exceed,FIN,GTM,Bali,2015-03-30,,N/A-StillEmployed,Active,LinkedIn,5.0,5,0,0,16,1987-05-21,34.0,6.303139506100145
Muhammad Andika Tata,10184,Not married,Single,F,TKP/ Outsource,Business Analyst,Junior,Fully meets,ENT,MyPertamina,Jawa,2013-01-07,,N/A-StillEmployed,Active,CareerBuilder,3.93,3,0,0,20,1987-01-07,34.0,8.52631999625005
Muhammad Attallah Zhuhry,10185,Married,Married,M,TKP/ Outsource,Product Owner,Middle,Average,FIN,Bonum,Cina,2016-07-06,,N/A-StillEmployed,Active,Website,3.4,4,0,0,7,1984-07-01,37.0,5.032750655784564
Muhammad Faishal Ramadhan,10186,Married,Divorced,F,TKP/ Outsource,Business Analyst,Junior,Exceed,COM,UMEETME,Jawa,2012-04-02,2018-11-11,Another position,Voluntarily Terminated,Diversity Job Fair,4.18,4,0,0,17,1968-05-30,53.0,6.609307514870258
Muhammad Fauzi,10187,Not married,Single,F,TKP/ Outsource,Business Analyst,Junior,Average,FIN,Inpoin,Padang,2015-03-30,,N/A-StillEmployed,Active,CareerBuilder,5.0,4,0,0,10,1976-09-22,44.0,6.303139507958088
Muhammad Febriansyah,10188,Married,Married,M,Karyawan Organik,Business Analyst,Middle,Fully meets,IHX,Squad B,Jawa,2012-08-16,,N/A-StillEmployed,Active,Indeed,4.37,3,0,0,2,1981-08-10,39.0,8.920578607104705
Muhammad Ilham Rilambang,10189,Not married,Single,M,Karyawan Organik,Product Owner,Junior,Exceed,EWD,Explore,Cina,2011-08-15,2016-09-04,unhappy,Voluntarily Terminated,LinkedIn,3.0,2,0,6,6,1985-06-29,36.0,5.056914241907774
Muhammad Indrawan,10190,Married,Widowed,M,TKP/ Outsource,Product Owner,Middle,Average,COM,ChatAja,Cina,2011-11-07,,N/A-StillEmployed,Active,LinkedIn,3.7,3,0,0,14,1992-08-17,28.0,9.695406290988496
Muhammad Jamaludin,10191,Married,Divorced,M,TKP/ Outsource,Product Owner,Junior,Average,COM,OCA,Jawa,2012-02-15,,N/A-StillEmployed,Active,Diversity Job Fair,2.39,3,6,4,13,1986-10-05,34.0,9.421615590744315
Muhammad Maulana Darrel Monty,10192,Not married,Single,F,TKP/ Outsource,Business Analyst,Junior,Fully meets,FIN,GTM,Padang,2013-05-13,,N/A-StillEmployed,Active,Indeed,4.7,3,0,0,1,1970-04-24,51.0,8.181343717024825
Muhammad Maulana Hadi,10193,Married,Married,M,TKP/ Outsource,Product Owner,Junior,Fully meets,FIN,GTM,Bali,2012-01-09,,N/A-StillEmployed,Active,Diversity Job Fair,4.1,4,0,0,12,1976-12-03,44.0,9.522918150900791
Muhammad Misbah Arya Lugina,10194,Married,Divorced,F,TKP/ Outsource,UI Designer,Junior,Average,FIN,Inpoin,Sunda,2015-02-16,,N/A-StillEmployed,Active,CareerBuilder,3.81,3,6,0,6,1979-04-04,42.0,6.418131605427768
Muhammad Raihan Nismara,10195,Not married,Single,F,TKP/ Outsource,UX Designer,Junior,Average,EDU,Squad Pijar Corpu,Padang,2013-04-01,,N/A-StillEmployed,Active,LinkedIn,4.4,4,0,0,18,1984-07-07,37.0,8.29633581264965
Muhammad Rajab Priharsanto,10196,Not married,Single,M,TKP/ Outsource,UI Designer,Junior,Average,EDU,Squad Pijar Mahir,Sunda,2013-05-13,,N/A-StillEmployed,Active,LinkedIn,4.29,5,0,0,11,1974-12-01,46.0,8.181343718807698
Muhammad Risano Akbar,10197,Not married,Single,M,TKP/ Outsource,UX Designer,Junior,Fully meets,EWD,Delivery & Project Mgt,Jawa,2013-07-08,,N/A-StillEmployed,Active,LinkedIn,4.1,4,0,0,13,1980-04-18,41.0,8.028020926867937
Muhammad Rizki Nofsyiami,10198,Married,Divorced,M,TKP/ Outsource,UI Designer,Junior,Need improvement,EWD,Refactoring New IA,Padang,2017-02-10,,N/A-StillEmployed,Active,Indeed,5.0,3,6,0,17,1970-04-25,51.0,4.433149027119793
Muhammad Rizqi Mubarak,10199,Not married,Single,M,TKP/ Outsource,UI Designer,Junior,Exceed,ENT,MyPertamina,Jawa,2011-09-26,2016-04-04,return to school,Voluntarily Terminated,Diversity Job Fair,4.3,3,0,0,19,1989-05-02,32.0,4.523022375545015
Muhammad Rozinul Mahrus,10200,Married,Married,M,TKP/ Outsource,UX Designer,Middle,Average,EDU,Squad Service Core,Bali,2013-04-01,2018-05-25,more money,Voluntarily Terminated,Employee Referral,3.18,3,0,0,10,1983-03-28,38.0,5.147265173138394
Muhammad Sidiq,10201,Married,Widowed,M,TKP/ Outsource,UI Designer,Middle,Average,COM,UMEETME,Bali,2014-05-12,,N/A-StillEmployed,Active,LinkedIn,5.0,5,0,0,11,1977-04-08,44.0,7.184745570566194
Nabilla,10202,Married,Widowed,F,TKP/ Outsource,UX Writer,Junior,Fully meets,Com,DTP Com,Sunda,2013-04-01,,N/A-StillEmployed,Active,Diversity Job Fair,4.0,3,0,0,12,1967-06-03,54.0,8.296335815855125
Nanda Yusuf,10203,Married,Widowed,F,TKP/ Outsource,UX Designer,Junior,Average,COM,UMEETME,Jawa,2013-07-08,,N/A-StillEmployed,Active,Indeed,5.0,5,0,0,2,1989-03-31,32.0,8.028020929671154
Naufal Rasyad,10204,Not married,Single,F,TKP/ Outsource,UX Writer,Junior,Fully meets,EDU,Squad Pijar Corpu,Bali,2013-07-08,,N/A-StillEmployed,Active,LinkedIn,3.6,5,0,0,4,1984-07-07,37.0,8.02802093019573
Naufal Rizky Pratama,10205,Married,Widowed,F,TKP/ Outsource,Artificial Intelligent,Junior,Average,EDU,Squad Pijar Mahir,Cina,2014-11-10,,N/A-StillEmployed,Active,Indeed,4.53,5,0,0,5,1985-11-23,35.0,6.686446497271124
Nila Herlina,10206,Not married,Single,F,Prohire,UI Designer,Junior,Exceed,IHX,Squad C,Bali,2014-03-31,2020-05-01,performance,Terminated for Cause,LinkedIn,2.33,2,0,6,3,1980-09-30,40.0,6.086367276535452
Nurisyani,10207,Married,Married,F,Prohire,Back End Developer,Junior,Average,LGT,Logee Truck All Product,Bali,2012-05-14,2015-08-19,unhappy,Voluntarily Terminated,LinkedIn,5.0,3,0,0,17,1952-02-11,69.0,3.263585152330301
Nurkhasanah,10208,Not married,Single,F,Prohire,Back End Developer,Junior,Need improvement,COM,OCA,Sunda,2013-09-30,,N/A-StillEmployed,Active,Indeed,4.28,3,0,0,1,1990-05-11,31.0,7.7980367435921885
Peni Kurniawati,10209,Not married,Single,M,Prohire,Front End Developer,Junior,Fully meets,FIN,Platform,Padang,2013-09-30,,N/A-StillEmployed,Active,LinkedIn,5.0,3,0,0,13,1976-12-11,44.0,7.798036744091286
Prajna Vira,10210,Not married,Single,M,Prohire,Front End Developer,Junior,Fully meets,FIN,Platform,Bali,2014-02-17,,N/A-StillEmployed,Active,LinkedIn,4.25,3,0,4,6,1979-11-24,41.0,7.414729763611993
Pratama Agung Sumirat,10211,Not married,Single,M,Prohire,Front End Developer,Junior,Exceed,FIN,Platform,Cina,2015-01-05,,N/A-StillEmployed,Active,Website,5.0,5,0,0,18,1982-05-19,39.0,6.53312370786079
Prita Normanita,10212,Not married,Single,F,Prohire,Front End Developer,Junior,Average,ENT,MyPertamina,Bali,2011-02-07,2016-01-12,Another position,Voluntarily Terminated,Google Search,3.89,4,0,0,7,1979-05-01,42.0,4.928232612579314
Qaedif Fuadillah,10213,Married,Divorced,M,TKP/ Outsource,Back End Developer,Junior,Special treatment,COM,UMEETME,Jawa,2011-11-07,2017-09-07,Another position,Voluntarily Terminated,Diversity Job Fair,5.0,5,3,0,13,1979-02-20,42.0,5.8344798318925095
Qalfin Qallista Turandy,10214,Married,Divorced,M,TKP/ Outsource,Mobile Developer Android,Middle,Average,EWD,RPA & Profitability,Jawa,2014-12-01,2018-05-01,performance,Voluntarily Terminated,Employee Referral,4.7,4,5,0,19,1984-09-05,36.0,3.414170037714669
R Aditya Prastyawan,10215,Not married,Single,M,TKP/ Outsource,Back End Developer,Junior,Exceed,EDU,Squad Pijar Mahir,Cina,2011-01-10,2019-12-28,career change,Voluntarily Terminated,Google Search,3.54,5,0,4,15,1988-03-17,33.0,8.963907540880374
R. Abimanyu Sutomo,10216,Married,Divorced,F,TKP/ Outsource,Back End Developer,Senior,Exceed,ENT,HunianAja,Cina,2011-07-05,2017-09-15,unhappy,Voluntarily Terminated,CareerBuilder,2.4,5,0,5,2,1989-07-18,32.0,6.198621463821981
Rachman Teja,10217,Married,Married,F,Karyawan Organik,Back End Developer,Junior,Exceed,LGT,Logee Port (Maintainer),Padang,2011-05-16,2017-10-25,medical issues,Voluntarily Terminated,LinkedIn,3.45,4,0,0,5,1986-07-20,34.0,6.445033094450947
Raden Syamsa Nur Ashari Mahmud,10218,Married,Widowed,F,Karyawan Organik,Front End Developer,Senior,Average,LGT,Logee Truck All Product,Cina,2011-05-16,2015-02-04,more money,Voluntarily Terminated,Indeed,4.2,5,0,0,12,1986-08-17,34.0,3.7235535295043705
Rahadian Ardya K,10219,Married,Divorced,F,Prohire,Back End Developer,Middle,Fully meets,EWD,Sales Cycle   ,Padang,2010-10-25,2018-05-18,Another position,Voluntarily Terminated,Indeed,4.16,5,0,0,6,1977-05-09,44.0,7.562099153302258
Rahardian Agung Wardana,10220,Not married,Single,F,Prohire,Mobile Developer Android,Middle,Need improvement,LGT,Logee Port,Bali,2012-04-02,,N/A-StillEmployed,Active,LinkedIn,4.3,3,0,0,14,1979-03-10,42.0,9.292933975756466
Rahmat Agus Nuryady,10221,Not married,Single,F,TKP/ Outsource,Back End Developer,Middle,Fully meets,HLT,PeduliLindungi,Sunda,2014-11-10,,N/A-StillEmployed,Active,Employee Referral,4.6,5,7,0,16,1984-09-16,36.0,6.68644650563581
Rahmat Prastyo,10222,Not married,Single,M,TKP/ Outsource,Back End Developer,Middle,Exceed,FIN,Platform,Sunda,2011-07-05,2014-11-30,more money,Voluntarily Terminated,Google Search,5.0,3,0,0,13,1988-03-06,33.0,3.4059563166937035
Rahmat Saefullah,10223,Not married,Single,M,TKP/ Outsource,Back End Developer,Middle,Exceed,COM,UMEETME,Sunda,2007-11-05,,N/A-StillEmployed,Active,Google Search,3.66,3,0,0,15,1981-11-23,39.0,13.700964258483108
Rani Triani Gustia,10224,Married,Widowed,F,TKP/ Outsource,Back End Developer,Middle,Exceed,COM,UMEETME,Sunda,2012-01-09,,N/A-StillEmployed,Active,Website,4.2,5,0,0,9,1988-08-29,32.0,9.522918166270241
Rd Muhamad Rahadi Sampurna,10225,Married,Married,F,TKP/ Outsource,Front End Developer,Junior,Average,EDU,Squad Control Tower,Padang,2011-05-16,2020-06-04,Another position,Voluntarily Terminated,Google Search,3.17,4,0,0,14,1984-10-15,36.0,9.054258472110995
Refal Pradama Dahlan,10226,Not married,Single,M,TKP/ Outsource,Back End Developer,Middle,Average,EDU,Squad Pijar Sekolah,Bali,2014-01-06,,N/A-StillEmployed,Active,Employee Referral,4.8,3,0,0,14,1961-06-19,60.0,7.529721866157099
Rendy Kenan Eliazar,10227,Married,Widowed,F,TKP/ Outsource,Back End Developer,Senior,Average,IHX,Squad B,Jawa,2012-09-24,2015-06-18,unhappy,Voluntarily Terminated,Indeed,4.5,5,0,0,16,1970-09-22,50.0,2.7296932859675422
Renita Dewi,10228,Married,Divorced,M,Prohire,Front End Developer,Middle,Fully meets,IHX,Squad C,Jawa,2011-02-21,2017-08-15,career change,Voluntarily Terminated,Diversity Job Fair,4.15,4,0,0,4,1984-11-06,36.0,6.480625885541798
Resskytha Permata Sari,10229,Not married,Single,F,Prohire,Front End Developer,Senior,Average,IHX,Squad D,Padang,2016-10-02,,N/A-StillEmployed,Active,Indeed,4.4,4,6,0,10,1980-05-12,41.0,4.791814860565811
Reva Histro Wiki Fonseca,10230,Married,Married,M,TKP/ Outsource,Back End Developer,Middle,Fully meets,IHX,Squad A,Padang,2011-09-26,2020-04-07,more money,Voluntarily Terminated,Indeed,3.8,5,0,0,19,1984-12-31,36.0,8.53131823377619
Rheznandya Daffi Pradipta,10231,Not married,Single,M,Prohire,Mobile Developer Android,Middle,Average,EWD,Data & Dashboard Analytics,Jawa,2014-05-12,,N/A-StillEmployed,Active,CareerBuilder,3.98,3,0,0,4,1954-10-12,66.0,7.184745585575469
Rian Sopiyan,10232,Not married,Single,M,Prohire,System Documentation,Junior,Exceed,EWD,Payment - SSOF,Bali,2011-05-16,2018-01-15,retiring,Voluntarily Terminated,LinkedIn,5.0,4,0,0,11,1982-07-22,38.0,6.669541469024004
Rivano Dwi Hervan,10233,Married,Widowed,F,TKP/ Outsource,Front End Developer,Middle,Average,FIN,MPS,Jawa,2011-11-28,,N/A-StillEmployed,Active,Google Search,4.36,5,0,0,16,1973-01-12,48.0,9.637910264781054
Rizal Prasetya Nugraha,10234,Not married,Single,F,TKP/ Outsource,Front End Developer,Junior,Exceed,COM,UMEETME,Padang,2011-09-26,2013-10-22,return to school,Voluntarily Terminated,Google Search,4.5,4,0,0,10,1981-09-05,39.0,2.0725956042903
Rizka Annisa Kurniasari,10235,Married,Widowed,M,TKP/ Outsource,Front End Developer,Junior,Exceed,EDU,Squad Control Tower,Sunda,2011-07-05,2014-02-08,Another position,Voluntarily Terminated,Indeed,4.2,5,0,0,13,1972-07-03,49.0,2.5982737496320936
Rizky Febrianto,10236,Married,Married,M,TKP/ Outsource,Front End Developer,Junior,Fully meets,EDU,Squad Pijar Corpu,Jawa,2011-01-10,2018-01-26,attendance,Voluntarily Terminated,Indeed,5.0,3,0,0,11,1974-01-07,47.0,7.04463472898143
Rizky Ramadhan Subagio,10237,Not married,Single,F,TKP/ Outsource,Front End Developer,Junior,Average,EWD,Explore,Jawa,2011-01-10,2018-05-17,attendance,Terminated for Cause,Indeed,3.6,3,0,4,16,1985-01-07,36.0,7.348542406757154
Rudi Indra Putranto,10238,Not married,Single,M,TKP/ Outsource,Front End Developer,Middle,Fully meets,EWD,Product & Content Management System,Padang,2013-07-08,,N/A-StillEmployed,Active,Employee Referral,3.6,5,0,0,4,1985-01-28,36.0,8.028020946987212
Ryan Brama,10239,Not married,Single,F,TKP/ Outsource,Back End Developer,Middle,Average,EWD,Progressive Web App,Cina,2015-02-16,,N/A-StillEmployed,Active,Employee Referral,3.69,5,6,0,15,1981-10-11,39.0,6.418131627329534
Salma Adilah Putri,10240,Married,Married,F,TKP/ Outsource,Back End Developer,Middle,Average,VGA,Ads Based,Cina,2015-01-05,2020-11-10,Another position,Voluntarily Terminated,LinkedIn,3.88,3,7,0,12,1973-05-27,48.0,5.848169366927452
Salma Rizqi Fadhila,10241,Married,Married,F,TKP/ Outsource,Front End Developer,Middle,Exceed,VGA,IndiBOX Apps,Cina,2017-01-07,,N/A-StillEmployed,Active,Indeed,4.94,3,5,0,17,1972-11-21,48.0,4.526237886403573
Salsabila Nur Fitria,10242,Married,Widowed,F,Prohire,Mobile Developer Android,Middle,Fully meets,VGA,UseeTV Go,Cina,2014-01-06,,N/A-StillEmployed,Active,Website,5.0,4,0,0,8,1974-12-05,46.0,7.529721873545329
Samnursanto,10243,Not married,Single,M,TKP/ Outsource,Mobile Developer Android,Middle,Average,ENT,MyPertamina,Sunda,2011-04-04,2020-08-13,Another position,Voluntarily Terminated,Google Search,5.0,5,0,0,4,1987-03-18,34.0,9.360904056893707
Sarah Mutia Putri,10244,Married,Married,M,Prohire,Back End Developer,Middle,Average,FIN,Bonum,Padang,2013-01-20,,N/A-StillEmployed,Active,Indeed,3.6,5,7,0,13,1973-04-05,48.0,8.49072723392519
Sayed Muzammil,10245,Not married,Single,M,Prohire,Mobile Developer Android,Middle,Exceed,COM,Vutura,Cina,2012-01-09,2017-11-04,hours,Voluntarily Terminated,Diversity Job Fair,4.3,4,6,0,8,1964-01-04,57.0,5.8207902968575675
Setiawan Restu Aji,10246,Married,Widowed,F,Prohire,Mobile Developer Android,Middle,Need improvement,HLT,PeduliLindungi,Bali,2012-11-05,,N/A-StillEmployed,Active,Indeed,4.2,3,6,0,2,1986-07-24,34.0,8.698808167369142
Shabrina Fitri Ningtyas,10247,Not married,Single,F,Prohire,Mobile Developer iOS,Middle,Fully meets,VGA,IndiBOX Apps,Padang,2016-07-04,,N/A-StillEmployed,Active,Diversity Job Fair,2.6,4,0,5,4,1968-06-06,53.0,5.038226499501282
Shania Tri Sakanti,10248,Married,Widowed,M,TKP/ Outsource,Back End Developer,Junior,Need improvement,EDU,Squad Pijar Corpu,Cina,2009-01-05,2020-07-30,relocation out of area,Voluntarily Terminated,Google Search,4.6,5,0,0,7,1974-12-21,46.0,11.564919197519457
Shelly Ciptantiani,10249,Not married,Single,M,TKP/ Outsource,Back End Developer,Junior,Fully meets,EDU,Squad Pijar Mahir,Padang,2010-08-30,,N/A-StillEmployed,Active,CareerBuilder,4.1,3,0,0,13,1986-04-26,35.0,10.883657960318505
Shepthia Dwina Suwandi,10250,Married,Widowed,M,Prohire,Front End Developer,Junior,Special treatment,EDU,Squad Service Core,Jawa,2015-01-05,2017-10-31,hours,Voluntarily Terminated,LinkedIn,4.2,3,5,0,2,1987-12-17,33.0,2.820044217198163
Slamet Rahayu,10251,Not married,Single,F,Prohire,Back End Developer,Junior,Average,HLT,PeduliLindungi,Jawa,2014-09-29,,N/A-StillEmployed,Active,LinkedIn,3.51,3,0,0,2,1988-07-10,33.0,6.801438613825948
Sony Kusuma Istri,10252,Not married,Single,F,Prohire,Front End Developer,Junior,Need improvement,HLT,Vaksinasi,Jawa,2013-09-30,,N/A-StillEmployed,Active,Google Search,5.0,5,0,0,14,1975-03-10,46.0,7.798036764846016
Sourabh Sharma,10253,Not married,Single,F,Prohire,Front End Developer,Junior,Average,IHX,Squad C,Cina,2014-09-30,,N/A-StillEmployed,Active,LinkedIn,3.31,3,6,0,7,1981-04-14,40.0,6.79870070773955
Sri Reski Anita Muhsini,10254,Married,Divorced,F,TKP/ Outsource,Back End Developer,Junior,Average,COM,ChatAja,Sunda,2013-08-19,,N/A-StillEmployed,Active,LinkedIn,4.81,4,0,0,15,1985-08-24,35.0,7.913028860051946
Sulala Rugaya,10255,Married,Widowed,M,TKP/ Outsource,DevOps Engineer,Junior,Fully meets,COM,UMEETME,Sunda,2015-01-05,,N/A-StillEmployed,Active,Employee Referral,3.32,3,7,0,16,1970-02-08,51.0,6.533123728981304
Syaukat Rafifidhiya Zubaidi,10256,Not married,Single,F,TKP/ Outsource,Front End Developer,Junior,Average,FIN,MPS,Sunda,2015-05-01,,N/A-StillEmployed,Active,Website,5.0,3,5,0,2,1988-05-19,33.0,6.2155265166459674
Tamie Mauretta,10257,Married,Married,F,TKP/ Outsource,Back End Developer,Junior,Exceed,IHX,Squad B,Cina,2009-10-26,2017-04-08,maternity leave - did not return,Voluntarily Terminated,CareerBuilder,4.68,4,0,0,20,1987-11-25,33.0,7.449844966015729
Thalita Aprilla Rachma Dara,10258,Married,Widowed,M,Prohire,Back End Developer,Junior,Fully meets,IHX,Squad D,Jawa,2014-09-29,,N/A-StillEmployed,Active,Indeed,4.3,3,0,0,4,1963-10-30,57.0,6.8014386170684045
Tri Lika Jayanti Budi Ranti,10259,Not married,Single,M,Prohire,System Documentation,Junior,Exceed,VGA,IndiBOX Apps,Cina,2014-05-18,,N/A-StillEmployed,Active,Diversity Job Fair,2.4,4,0,2,16,1984-08-16,36.0,7.168318156480227
Try Satria Amanattullah,10260,Married,Divorced,F,Prohire,Front End Developer,Junior,Exceed,ENT,MyPertamina,Padang,2011-09-26,2015-09-25,career change,Voluntarily Terminated,Diversity Job Fair,3.8,4,4,0,17,1987-06-14,34.0,3.997344230203221
Trya Lovenia,10261,Not married,Single,F,Prohire,Back End Developer,Junior,Need improvement,VGA,Ads Based,Bali,2013-11-11,,N/A-StillEmployed,Active,Employee Referral,3.73,3,0,0,16,1965-02-02,56.0,7.683044674713609
Ulfah Nuraeni,10262,Not married,Single,F,Prohire,Back End Developer,Junior,Average,VGA,UseeTV Go,Jawa,2011-06-10,,N/A-StillEmployed,Active,LinkedIn,4.3,3,5,0,19,1973-03-12,48.0,10.106092376326648
Vanda Ayu Nintyas,10263,Not married,Single,M,TKP/ Outsource,Back End Developer,Junior,Exceed,VGA,UseeTV Go,Padang,2016-06-30,,N/A-StillEmployed,Active,LinkedIn,3.27,4,5,0,13,1983-02-09,38.0,5.049178134870409
Verina Riska,10264,Married,Married,F,TKP/ Outsource,Front End Developer,Senior,Average,COM,ChatAja,Bali,2012-02-20,,N/A-StillEmployed,Active,Indeed,2.4,2,1,6,20,1968-07-20,52.0,9.407926090448154
Wahyu Widi Purwoko,10265,Married,Divorced,F,TKP/ Outsource,Back End Developer,Senior,Exceed,IHX,Squad A,Padang,2012-10-02,,N/A-StillEmployed,Active,LinkedIn,4.83,5,0,0,15,1975-09-30,45.0,8.791897014344192
Wawan Agus Hendrayadi,10266,Not married,Single,F,TKP/ Outsource,Back End Developer,Senior,Average,COM,UMEETME,Bali,2013-05-13,2017-06-29,unhappy,Voluntarily Terminated,LinkedIn,4.1,4,0,0,16,1973-03-26,48.0,4.128763766538669
Widayat Tri Raharjo,10267,Married,Divorced,F,TKP/ Outsource,Front End Developer,Junior,Fully meets,ENT,NETMONK,Padang,2011-01-10,,N/A-StillEmployed,Active,Google Search,4.1,4,0,0,9,1982-08-25,38.0,10.519516336681248
Widdesto Ari Yudistiro,10268,Married,Divorced,M,TKP/ Outsource,Front End Developer,Junior,Average,FIN,Bonum,Jawa,2014-05-12,,N/A-StillEmployed,Active,Website,1.81,2,0,3,5,1974-05-09,47.0,7.184745602637384
Wina Klarissa Salsabila,10269,Not married,Single,M,TKP/ Outsource,Back End Developer,Senior,Average,COM,ChatAja,Jawa,2014-09-29,,N/A-StillEmployed,Active,Indeed,3.9,5,5,0,9,1986-09-01,34.0,6.801438622122156
Winda Devita,10270,Not married,Single,M,TKP/ Outsource,Mobile Developer Android,Junior,Average,FIN,Bonum,Bali,2014-02-17,,N/A-StillEmployed,Active,LinkedIn,4.7,3,0,0,4,1985-03-14,36.0,7.414729792136864
Yanuar Ramadhani Achmadianto,10271,Not married,Single,F,TKP/ Outsource,Back End Developer,Senior,Exceed,IHX,Squad A,Jawa,2010-09-27,,N/A-StillEmployed,Active,Indeed,4.1,4,0,0,18,1989-05-12,32.0,10.80699657424719
Yehezkiel Dwisandi Sabana,10272,Married,Married,F,Prohire,Mobile Developer Android,Senior,Special treatment,IHX,Squad D,Sunda,2009-01-08,,N/A-StillEmployed,Active,Indeed,3.73,4,0,0,12,1978-03-28,43.0,12.523664268104348
Yobel Galih Christian Dwiatma,10273,Married,Married,M,TKP/ Outsource,Mobile Developer Android,Senior,Fully meets,EWD,Payment - SSOF,Padang,2015-01-05,,N/A-StillEmployed,Active,Google Search,4.36,5,0,0,10,1982-10-07,38.0,6.533123737288823
Yoga R Nuraziz,10274,Not married,Single,F,TKP/ Outsource,Back End Developer,Middle,Special treatment,COM,UMEETME,Cina,2012-05-14,,N/A-StillEmployed,Active,Indeed,3.4,5,0,0,13,1968-08-15,52.0,9.177941906515022
Yogi Prasetya,10275,Married,Divorced,M,Prohire,Back End Developer,Middle,Average,COM,ChatAja,Sunda,2014-07-07,,N/A-StillEmployed,Active,LinkedIn,4.5,5,5,0,1,1983-05-06,38.0,7.031422813511362
Yohanes Dwiki Kurniawan,10276,Married,Divorced,M,TKP/ Outsource,Back End Developer,Senior,Exceed,Com,DTP Com,Cina,2017-04-20,,N/A-StillEmployed,Active,Indeed,3.4,3,6,0,14,1987-10-24,33.0,4.244233480872424
Yoyon Syafei,10277,Married,Divorced,F,TKP/ Outsource,Front End Developer,Junior,Need improvement,COM,Vutura,Bali,2009-04-27,2015-04-01,Another position,Voluntarily Terminated,Diversity Job Fair,4.5,5,0,0,11,1975-04-03,46.0,5.927568670130119
Yuda Eka Putra,10278,Married,Widowed,F,TKP/ Outsource,System Documentation,Junior,Special treatment,EWD,Evaluate,Cina,2011-05-16,2019-07-08,Another position,Voluntarily Terminated,Google Search,3.93,3,0,0,3,1953-05-24,68.0,8.14527334579081
Yudhistira Rizky Ananda,10279,Married,Widowed,F,TKP/ Outsource,System Documentation,Middle,Exceed,EWD,Pay,Padang,2014-09-29,,N/A-StillEmployed,Active,Indeed,3.69,3,0,0,18,1965-05-07,56.0,6.801438626771749
Yudi Suyudiana,10280,Married,Divorced,F,TKP/ Outsource,Back End Developer,Middle,Average,EDU,Squad Pijar Sekolah,Padang,2011-07-05,2018-09-05,return to school,Voluntarily Terminated,Indeed,3.98,4,0,0,1,1965-05-09,56.0,7.170578451302902
Yudi Widiawan,10281,Not married,Single,M,TKP/ Outsource,Back End Developer,Junior,Exceed,EDU,Squad Service Core,Sunda,2007-06-25,2012-08-30,military,Voluntarily Terminated,Other,4.1,4,0,0,15,1975-09-16,45.0,5.182857964229245
Yuni Nuraeni,10282,Married,Widowed,F,TKP/ Outsource,Back End Developer,Junior,Fully meets,EDU,Squad Control Tower,Padang,2013-02-18,,N/A-StillEmployed,Active,Indeed,4.21,5,0,0,4,1967-06-05,54.0,8.411327948300615
Yusril Firza,10283,Not married,Single,M,TKP/ Outsource,Back End Developer,Middle,Fully meets,EDU,Squad Pijar Corpu,Padang,2006-01-09,,N/A-StillEmployed,Active,Indeed,4.1,3,0,0,6,1968-01-15,53.0,15.521672445925544
Yusril Iqbal,10284,Married,Widowed,F,TKP/ Outsource,Back End Developer,Junior,Average,LGT,Logee Port,Bali,2014-02-17,,N/A-StillEmployed,Active,LinkedIn,2.44,5,0,4,18,1983-05-16,38.0,7.414729798677262
Zahrah,10285,Not married,Single,M,TKP/ Outsource,Front End Developer,Junior,Exceed,EDU,Squad Pijar Mahir,Cina,2015-01-05,2018-02-12,medical issues,Voluntarily Terminated,CareerBuilder,5.0,3,5,0,11,1988-05-05,33.0,3.1047865459249677
Zharfan Nugraha Permadi,10286,Married,Married,M,TKP/ Outsource,Back End Developer,Junior,Exceed,EDU,Squad Pijar Mahir,Bali,2013-02-18,2020-04-15,medical issues,Voluntarily Terminated,Diversity Job Fair,4.6,3,4,0,9,1983-06-14,38.0,7.15415100926097
Zia Ulhafidz Aldiansyah,10287,Not married,Single,F,TKP/ Outsource,Front End Developer,Senior,Special treatment,FIN,Platform,Sunda,2011-01-10,2016-07-02,unhappy,Voluntarily Terminated,LinkedIn,4.4,3,0,0,5,1985-03-15,36.0,5.475814013977015
